9/24/2020 8:22:01	Immigrant Home Learning Program (IHELP) formally, Immigrant & Refugee Women's Program (IRWP)	St. Louis Area	9/29/2020	4200 Delor	St. Louis	63116	9:00:00 AM	2:00:00 PM	We will have regular office hours open for notarizing ballots starting the week of September 28th and running through November 3rd. Tuesdays, Thursdays, Fridays 9am-2pm  We also plan to have additional drives that we will be planning in the coming week. 	director@irwpstl.org	314-282-4429	director@irwpstl.org	314-282-4429
9/28/2020 10:27:23	DRIVE-THRU NOTARY. Wear a mask, bring ID, fill out your ballot but don't sign it or seal the envelope. Bring a pen. 	St. Louis Area	9/30/2020	140 E Jefferson	Kirkwood	63122	5:00:00 PM	8:30:00 PM	We have a notary every Wednesday from 5PM - 8:30PM and every Saturday from 9AM to 12PM. Through 10/21/20.	mel@kirkwoodpubliclibrary.org	314-821-5770 ext 1025	mel@kirkwoodpubliclibrary.org	314-821-5770 ext 1025
9/28/2020 10:27:23	Kirkwood Public Library	St. Louis Area	10/17/2020	140 E Jefferson	Kirkwood	63122	9:00:00 AM	12:00:00 PM	We have a notary every Wednesday from 5PM - 8:30PM and every Saturday from 9AM to 12PM. Through 10/21/20.	mel@kirkwoodpubliclibrary.org	314-821-5770 ext 1025	mel@kirkwoodpubliclibrary.org	314-821-5770 ext 1025
9/28/2020 10:27:23	Kirkwood Public Library	St. Louis Area	10/14/2020	140 E Jefferson	Kirkwood	63122	5:00:00 PM	8:30:00 PM	We have a notary every Wednesday from 5PM - 8:30PM and every Saturday from 9AM to 12PM. Through 10/21/20.	mel@kirkwoodpubliclibrary.org	314-821-5770 ext 1025	mel@kirkwoodpubliclibrary.org	314-821-5770 ext 1025
9/28/2020 10:27:23	Kirkwood Public Library	St. Louis Area	10/21/2020	140 E Jefferson	Kirkwood	63122	5:00:00 PM	8:30:00 PM	We have a notary every Wednesday from 5PM - 8:30PM and every Saturday from 9AM to 12PM. Through 10/21/20.	mel@kirkwoodpubliclibrary.org	314-821-5770 ext 1025	mel@kirkwoodpubliclibrary.org	314-821-5770 ext 1025
9/21/2020 18:12:17	Congregation Shaare Emeth 	St. Louis Area	10/1/2020	11645 Ladue Road 	St. Louis 	63141	10:00:00 AM	2:00:00 PM	Here is the list of all the times we have a DRIVE-THRU NOTARY:  October 4: 10:00am-2:00pm  October 7: 10:00am-2:00pm  October 9: 10:00am-2:00pm  October 11: 10:00am-2:00pm October 13: 5:00-7:00pm October 15: 10:00am-2:00pm October 18: 10:00am-2:00pm October 19 10:00am-2:00pm October 21: 5:00-7:00pm October 23: 10:00am-2:00pm October 25: 10:00am-2:00pm October 27: 10:00am-2:00pm October 29: 10:00am-2:00pm November 1: 10:00am-2:00pm Wear a mask, bring ID, fill out your ballot but don't sign it or seal the envelope. Bring a pen. 	dbram@sestl.org	3146925308	dbram@sestl.org 	
9/21/2020 18:12:17	Congregation Shaare Emeth 	St. Louis Area	10/13/2020	11645 Ladue Road 	St. Louis 	63141	5:00:00 PM	7:00:00 PM	DRIVE-THRU NOTARY. Wear a mask, bring ID, fill out your ballot but don't sign it or seal the envelope. Bring a pen. 	dbram@sestl.org	3146925308	dbram@sestl.org 	
9/21/2020 18:12:17	Congregation Shaare Emeth 	St. Louis Area	10/15/2020	11645 Ladue Road 	St. Louis 	63141	10:00:00 AM	2:00:00 PM	DRIVE-THRU NOTARY. Wear a mask, bring ID, fill out your ballot but don't sign it or seal the envelope. Bring a pen. 	dbram@sestl.org	3146925308	dbram@sestl.org 	
9/21/2020 18:12:17	Congregation Shaare Emeth 	St. Louis Area	10/18/2020	11645 Ladue Road 	St. Louis 	63141	10:00:00 AM	2:00:00 PM	DRIVE-THRU NOTARY. Wear a mask, bring ID, fill out your ballot but don't sign it or seal the envelope. Bring a pen. 	dbram@sestl.org	3146925308	dbram@sestl.org 	
9/21/2020 18:12:17	Congregation Shaare Emeth 	St. Louis Area	10/19/2020	11645 Ladue Road 	St. Louis 	63141	10:00:00 AM	2:00:00 PM	DRIVE-THRU NOTARY. Wear a mask, bring ID, fill out your ballot but don't sign it or seal the envelope. Bring a pen. 	dbram@sestl.org	3146925308	dbram@sestl.org 	
9/21/2020 18:12:17	Congregation Shaare Emeth 	St. Louis Area	10/21/2020	11645 Ladue Road 	St. Louis 	63141	5:00:00 PM	7:00:00 PM	DRIVE-THRU NOTARY. Wear a mask, bring ID, fill out your ballot but don't sign it or seal the envelope. Bring a pen. 	dbram@sestl.org	3146925308	dbram@sestl.org 	
9/21/2020 18:12:17	Congregation Shaare Emeth 	St. Louis Area	10/23/2020	11645 Ladue Road 	St. Louis 	63141	10:00:00 AM	2:00:00 PM	DRIVE-THRU NOTARY. Wear a mask, bring ID, fill out your ballot but don't sign it or seal the envelope. Bring a pen. 	dbram@sestl.org	3146925308	dbram@sestl.org 	
9/21/2020 18:12:17	Congregation Shaare Emeth 	St. Louis Area	10/25/2020	11645 Ladue Road 	St. Louis 	63141	10:00:00 AM	2:00:00 PM	DRIVE-THRU NOTARY. Wear a mask, bring ID, fill out your ballot but don't sign it or seal the envelope. Bring a pen. 	dbram@sestl.org	3146925308	dbram@sestl.org 	
9/21/2020 18:12:17	Congregation Shaare Emeth 	St. Louis Area	10/27/2020	11645 Ladue Road 	St. Louis 	63141	10:00:00 AM	2:00:00 PM	DRIVE-THRU NOTARY. Wear a mask, bring ID, fill out your ballot but don't sign it or seal the envelope. Bring a pen. 	dbram@sestl.org	3146925308	dbram@sestl.org 	
9/21/2020 18:12:17	Congregation Shaare Emeth 	St. Louis Area	10/29/2020	11645 Ladue Road 	St. Louis 	63141	10:00:00 AM	2:00:00 PM	DRIVE-THRU NOTARY. Wear a mask, bring ID, fill out your ballot but don't sign it or seal the envelope. Bring a pen. 	dbram@sestl.org	3146925308	dbram@sestl.org 	
9/21/2020 18:12:17	Congregation Shaare Emeth 	St. Louis Area	11/1/2020	11645 Ladue Road 	St. Louis 	63141	10:00:00 AM	2:00:00 PM	DRIVE-THRU NOTARY. Wear a mask, bring ID, fill out your ballot but don't sign it or seal the envelope. Bring a pen. 	dbram@sestl.org	3146925308	dbram@sestl.org 	
9/21/2020 10:24:04	League of Women Voters of Metro St. Louis	St. Louis Area	10/3/2020	8706 Manchester Rd., Suite 104	Brentwood	63144	10:00:00 AM	3:00:00 PM	Monday through Friday 9:30-3:30, Saturdays in October from 10-Noon and 1 to 3.	duganlwv@gmail.com	3149616869	league@lwvstl.org	3149616869
9/28/2020 16:02:22	Carolyn McMahon, 24th ward committeewoman	St. Louis Area	10/4/2020	Franz Park 	Saint Louis city, Dogtown 	63139	1:00:00 PM	3:00:00 PM	Every Sunday till Election, I have volunteer notaries scheduled	cmc24w@gmail.com	614-395-7008	cmc24w@gmail.com	614-395-7008
9/24/2020 14:39:24	V Three Studios	St. Louis Area	10/5/2020	2717 Sutton Blvd	Maplewood	63143	8:00:00 AM	12:00:00 PM	Also available most days (8-5) by email to meet at this location. I'm the notary and will be at this location. Wanted you to know our company is willing to help.	barb@v3-studios.com	314.664.9426	Barabra Kozek	314.664.9426
9/28/2020 19:15:17	Mound City Slickers	St. Louis Area	10/7/2020	911 Bellerive Blvd.	St. Louis MO	63111	5:30:00 PM	7:30:00 PM	Notary Public Andrea Clark will notarize mail-in and absentee ballots beginning at 5:30.  The Mound City Slickers will perform from 6 p.m. until dark.  Bring a lawn chair, beverage, ballot and I.D. to Bellerive Blvd.	egan.egan@att.net	16363990345	egan.egan@att.net	16363990345
9/24/2020 14:45:35	League of Women Voters St Charles Unit	St. Louis Area	10/8/2020	2750 Hwy. K O'Fallon MO 63368	Ofallon	63368	5:00:00 PM	6:45:00 PM	Middendorf-Kredell Library	doncrozier@gmail.com	6362936864	doncrozier@gmail.com	6362936864
9/21/2020 8:50:00	First Christian Church of Independence	Kansas City Area	10/10/2020	125 S. Pleasant	Independence	64050	9:00:00 AM	12:00:00 PM		bschonde@gmail.com	816 547 9425	Lee Williams	816 547 1117
9/24/2020 14:34:12	League of Women Voters St Charles Unit	St. Louis Area	10/14/2020	427 Spencer Road St. Peters MO 63376	St Peters	63376	11:00:00 AM	2:00:00 PM	Spencer Road Library	doncrozier@gmail.com	6362936864	doncrozier@gmail.com	6362936864
9/24/2020 14:47:06	League of Women Voters St Charles Unit	St. Louis Area	10/15/2020	2750 Hwy. K O'Fallon MO 63368	Ofallon	63368	5:00:00 PM	6:45:00 PM	Middendorf-Kredell Library	doncrozier@gmail.com	6362936864	doncrozier@gmail.com	6362936864
9/22/2020 19:38:23	Grace United Methodist Church	St. Louis Area	10/17/2020	6199 Waterman Blvd.	Saint Louis	63112	10:00:00 AM	2:00:00 PM		awalgren@msn.com	314-569-3062	secretary@graceumc-stl.org	314-863-1992
9/28/2020 9:39:11	Contemporary Art Museum St. Louis	St. Louis Area	10/17/2020	3750 Washington Boulevard	St. Louis	63108	3:00:00 PM	4:00:00 PM	We are hosting voter registration and ballot notarization services at the museum on Thursdays, Fridays, and Saturdays from September 17â€“October 10, but would like to expand through October 24. We're just looking for help on the Saturday shifts	mdezember@camstl.org		mdezember@camstl.org	
9/21/2020 10:26:11	NCJWSTL/JCRC	St. Louis Area	10/19/2020	295 N. Lindbergh Blvd.	St. Louis	63141	9:00:00 AM	5:00:00 PM	Our notary effort will be at 10 libraries in metro St. Louis: Schlafly, Barr, Julia Davis and Carpenter in STL City; Headquarters, Weber Road, Prairie Village and Natural Bridge; and University City and Ferguson independent branches. We will be there during regular business hours from October 19-29 (except Sundays). We will be adhering to all safety protocols established by the libraries. 	jbernstein@ncjwstl.org	3149935181	jbernstein@ncjwstl.org	3142779080
9/21/2020 10:26:11	NCJWSTL/JCRC	St. Louis Area	10/20/2020	295 N. Lindbergh Blvd.	St. Louis	63141	9:00:00 AM	5:00:00 PM	Our notary effort will be at 10 libraries in metro St. Louis: Schlafly, Barr, Julia Davis and Carpenter in STL City; Headquarters, Weber Road, Prairie Village and Natural Bridge; and University City and Ferguson independent branches. We will be there during regular business hours from October 19-29 (except Sundays). We will be adhering to all safety protocols established by the libraries. 	jbernstein@ncjwstl.org	3149935181	jbernstein@ncjwstl.org	3142779080
9/21/2020 10:26:11	NCJWSTL/JCRC	St. Louis Area	10/21/2020	295 N. Lindbergh Blvd.	St. Louis	63141	9:00:00 AM	5:00:00 PM	Our notary effort will be at 10 libraries in metro St. Louis: Schlafly, Barr, Julia Davis and Carpenter in STL City; Headquarters, Weber Road, Prairie Village and Natural Bridge; and University City and Ferguson independent branches. We will be there during regular business hours from October 19-29 (except Sundays). We will be adhering to all safety protocols established by the libraries. 	jbernstein@ncjwstl.org	3149935181	jbernstein@ncjwstl.org	3142779080
9/21/2020 10:26:11	NCJWSTL/JCRC	St. Louis Area	10/22/2020	295 N. Lindbergh Blvd.	St. Louis	63141	9:00:00 AM	5:00:00 PM	Our notary effort will be at 10 libraries in metro St. Louis: Schlafly, Barr, Julia Davis and Carpenter in STL City; Headquarters, Weber Road, Prairie Village and Natural Bridge; and University City and Ferguson independent branches. We will be there during regular business hours from October 19-29 (except Sundays). We will be adhering to all safety protocols established by the libraries. 	jbernstein@ncjwstl.org	3149935181	jbernstein@ncjwstl.org	3142779080
9/21/2020 10:26:11	NCJWSTL/JCRC	St. Louis Area	10/23/2020	295 N. Lindbergh Blvd.	St. Louis	63141	9:00:00 AM	5:00:00 PM	Our notary effort will be at 10 libraries in metro St. Louis: Schlafly, Barr, Julia Davis and Carpenter in STL City; Headquarters, Weber Road, Prairie Village and Natural Bridge; and University City and Ferguson independent branches. We will be there during regular business hours from October 19-29 (except Sundays). We will be adhering to all safety protocols established by the libraries. 	jbernstein@ncjwstl.org	3149935181	jbernstein@ncjwstl.org	3142779080
9/21/2020 10:26:11	NCJWSTL/JCRC	St. Louis Area	10/24/2020	295 N. Lindbergh Blvd.	St. Louis	63141	9:00:00 AM	5:00:00 PM	Our notary effort will be at 10 libraries in metro St. Louis: Schlafly, Barr, Julia Davis and Carpenter in STL City; Headquarters, Weber Road, Prairie Village and Natural Bridge; and University City and Ferguson independent branches. We will be there during regular business hours from October 19-29 (except Sundays). We will be adhering to all safety protocols established by the libraries. 	jbernstein@ncjwstl.org	3149935181	jbernstein@ncjwstl.org	3142779080
9/21/2020 10:26:11	NCJWSTL/JCRC	St. Louis Area	10/26/2020	295 N. Lindbergh Blvd.	St. Louis	63141	9:00:00 AM	5:00:00 PM	Our notary effort will be at 10 libraries in metro St. Louis: Schlafly, Barr, Julia Davis and Carpenter in STL City; Headquarters, Weber Road, Prairie Village and Natural Bridge; and University City and Ferguson independent branches. We will be there during regular business hours from October 19-29 (except Sundays). We will be adhering to all safety protocols established by the libraries. 	jbernstein@ncjwstl.org	3149935181	jbernstein@ncjwstl.org	3142779080
9/21/2020 10:26:11	NCJWSTL/JCRC	St. Louis Area	10/27/2020	295 N. Lindbergh Blvd.	St. Louis	63141	9:00:00 AM	5:00:00 PM	Our notary effort will be at 10 libraries in metro St. Louis: Schlafly, Barr, Julia Davis and Carpenter in STL City; Headquarters, Weber Road, Prairie Village and Natural Bridge; and University City and Ferguson independent branches. We will be there during regular business hours from October 19-29 (except Sundays). We will be adhering to all safety protocols established by the libraries. 	jbernstein@ncjwstl.org	3149935181	jbernstein@ncjwstl.org	3142779080
9/21/2020 10:26:11	NCJWSTL/JCRC	St. Louis Area	10/28/2020	295 N. Lindbergh Blvd.	St. Louis	63141	9:00:00 AM	5:00:00 PM	Our notary effort will be at 10 libraries in metro St. Louis: Schlafly, Barr, Julia Davis and Carpenter in STL City; Headquarters, Weber Road, Prairie Village and Natural Bridge; and University City and Ferguson independent branches. We will be there during regular business hours from October 19-29 (except Sundays). We will be adhering to all safety protocols established by the libraries. 	jbernstein@ncjwstl.org	3149935181	jbernstein@ncjwstl.org	3142779080
9/21/2020 10:26:11	NCJWSTL/JCRC	St. Louis Area	10/29/2020	295 N. Lindbergh Blvd.	St. Louis	63141	9:00:00 AM	5:00:00 PM	Our notary effort will be at 10 libraries in metro St. Louis: Schlafly, Barr, Julia Davis and Carpenter in STL City; Headquarters, Weber Road, Prairie Village and Natural Bridge; and University City and Ferguson independent branches. We will be there during regular business hours from October 19-29 (except Sundays). We will be adhering to all safety protocols established by the libraries. 	jbernstein@ncjwstl.org	3149935181	jbernstein@ncjwstl.org	3142779080
9/24/2020 14:39:38	League of Women Voters St Charles Unit	St. Louis Area	10/21/2020	427 Spencer Road St. Peters MO 63376	St Peters	63376	11:00:00 AM	2:00:00 PM	Spencer Road Library	doncrozier@gmail.com	6362936864	doncrozier@gmail.com	6362936864
9/24/2020 14:48:27	League of Women Voters St Charles Unit	St. Louis Area	10/22/2020	2750 Hwy. K O'Fallon MO 63368	Ofallon	63368	5:00:00 PM	6:45:00 PM	Middendorf-Kredell Library	doncrozier@gmail.com	6362936864	doncrozier@gmail.com	6362936864
9/22/2020 19:47:32	Grace United Methodist Church	St. Louis Area	10/24/2020	6199 Waterman Blvd.	Saint Louis	63112	10:00:00 AM	2:00:00 PM		awalgren@msn.com	314-569-3062	secretary@graceumc-stl.org	314-863-1992
9/24/2020 14:41:06	League of Women Voters St Charles Unit	St. Louis Area	10/28/2020	427 Spencer Road St. Peters MO 63376	St Peters	63376	11:00:00 AM	2:00:00 PM	Spencer Road Library	doncrozier@gmail.com	6362936864	doncrozier@gmail.com	6362936864
9/24/2020 14:49:56	League of Women Voters St Charles Unit	St. Louis Area	10/29/2020	2750 Hwy. K O'Fallon MO 63368	Ofallon	63368	5:00:00 PM	6:45:00 PM	Middendorf-Kredell Library	doncrozier@gmail.com	6362936864	doncrozier@gmail.com	6362936864
9/29/2020 11:43:56	Bespoke	St. Louis Area	10/5/2020	3408 Ohio @ Cherokee	St. Louis	63118	5:00:00 PM	7:00:00 PM	The space has a glass door with a mail slot. The notary can sit inside and review ID and such through the glass without direct contact. The ballot/journal can be pushed through the slot and returned to the voter the same way, so no contact!	stlnotarycoordination@gmail.com		https://www.signupgenius.com/go/10c0d4eafac28a7fbc43-notaries	
9/29/2020 11:50:43	Union Loafers	St. Louis Area	10/6/2020	1629 Tower Grove Ave	St. Louis	63110	11:00:00 AM	2:00:00 PM	Notary will be set up on the patio under an umbrella	stlnotarycoordination@gmail.com		https://www.signupgenius.com/go/10c0d4eafac28a7fbc43-notaries	
9/29/2020 11:51:15	Apotheosis Comics	St. Louis Area	10/6/2020	3206 S Grand Ave	St. Louis	63118	1:00:00 PM	3:00:00 PM	We will provide a table, hand sanitizer and pens. All customers must wear a mask to enter, and apply hand sanitizer to ensure the safety of everyone.	stlnotarycoordination@gmail.com		https://www.signupgenius.com/go/10c0d4eafac28a7fbc43-notaries	
9/29/2020 12:08:10	Planned Parenthood of the St. Louis Region and Southwest Missouri	St. Louis Area	10/5/2020	4251 Forest Park Avenue	St. Louis	63108	11:00:00 AM	1:00:00 PM	Voter registration and notary services will be available outside in the parking lot at Planned Parenthood in Central West End.	brenda.cross@ppslr.org	262-442-7399	volunteer@ppslr.org	262-442-7399
9/29/2020 12:24:19	Kirkwood Human Rights Commission/Kirkwood UMC	St. Louis Area	10/4/2020	201 W Adams Ave	Kirkwood	63122	12:00:00 PM	3:00:00 PM		judy.moticka@gmail.com	3144029238	judy.moticka@gmail.com	
9/29/2020 12:26:01	Kirkwood Human Rights Commission/Kirkwood UMC	St. Louis Area	10/10/2020	201 W Adams Ave	Kirkwood	63122	10:00:00 AM	1:00:00 PM		judy.moticka@gmail.com	3144029238	judy.moticka@gmail.com	
9/29/2020 12:27:14	KHRC/KUMC	St. Louis Area	10/11/2020	201 W Adams Ave	Kirkwood	63122	12:00:00 PM	3:00:00 PM		judy.moticka@gmail.com	3144029238	judy.moticka@gmail.com	
9/29/2020 12:29:09	KHRC/KUMC	St. Louis Area	10/17/2020	201 W Adams Ave	Kirkwood	63122	10:00:00 AM	1:00:00 PM		judy.moticka@gmail.com	3144029238	judy.moticka@gmail.com	
9/29/2020 12:30:27	KHRC/KUMC	St. Louis Area	10/18/2020	201 W Adams Ave	Kirkwood	63122	12:00:00 PM	3:00:00 PM		judy.moticka@gmail.com	3144029238	judy.moticka@gmail.com	
9/29/2020 12:31:39	KHRC/KUMC	St. Louis Area	10/24/2020	201 W Adams Ave	Kirkwood	63122	10:00:00 AM	1:00:00 PM		judy.moticka@gmail.com	3144029238	judy.moticka@gmail.com	
9/29/2020 12:32:48	KHRC/KUMC	St. Louis Area	10/25/2020	201 W Adams Ave	Kirkwood	63122	12:00:00 PM	3:00:00 PM		judy.moticka@gmail.com	3144029238	judy.moticka@gmail.com	
9/29/2020 12:33:31	Planned Parenthood of St. Louis region and Southwest Missouri	St. Louis Area	10/10/2020	4251 Forest Park Ave	St. Louis	63103	10:00:00 AM	1:00:00 PM	Event will be held in patient parking lot	sharell.collins@ppslr.org	3093103033	sharell.collins@ppslr.org	30931030333
9/29/2020 13:25:50	Planned Parenthood of St. Louis Region and Southwest Missouri	Southwest	10/5/2020	 626 E Battlefield Rd	Springfield	65807	11:00:00 AM	1:00:00 PM		Christen Moore	4177635836	Christen.Moore@ppslr.org	4177635836
9/29/2020 13:47:42	Planned Parenthood of St. Louis Region and Southwest Missouri	St. Louis Area	10/17/2020	3401 S. Grand Ave	St. Louis	63118	10:00:00 AM	1:00:00 PM	Located in the Parking lot	sharell.collins@ppslr.org	3093103033	Sharell.collins@ppslr.org	3093103033
9/29/2020 15:21:08	Bespoke	St. Louis Area	10/6/2020	3408 Ohio @ Cherokee	St. Louis	63118	5:00:00 PM	7:00:00 PM	The space has a glass door with a mail slot. The notary can sit inside and review ID and such through the glass without direct contact. The ballot/journal can be pushed through the slot and returned to the voter the same way, so no contact!	stlnotarycoordination@gmail.com		https://www.signupgenius.com/go/10c0d4eafac28a7fbc43-notaries	
9/29/2020 15:21:40	Union Loafers	St. Louis Area	10/7/2020	1629 Tower Grove Ave	St. Louis	63110	11:00:00 AM	2:00:00 PM	Notary will be set up on the patio under an umbrella	stlnotarycoordination@gmail.com		https://www.signupgenius.com/go/10c0d4eafac28a7fbc43-notaries	
9/29/2020 15:22:39	Urban Eats Neighborhood Food Hall	St. Louis Area	10/7/2020	3301 Meramec Street	St. Louis	63118	1:00:00 PM	3:00:00 PM	Table and two chairs provided inside the space, and everyone inside is required to wear a mask and sanitize at the door. (All carryout or curbside pickup). Outside bistro tables are available if the notary prefers.	stlnotarycoordination@gmail.com		https://www.signupgenius.com/go/10c0d4eafac28a7fbc43-notaries	
9/29/2020 15:23:37	Bespoke	St. Louis Area	10/7/2020	3408 Ohio @ Cherokee	St. Louis	63118	5:00:00 PM	7:00:00 PM	The space has a glass door with a mail slot. The notary can sit inside and review ID and such through the glass without direct contact. The ballot/journal can be pushed through the slot and returned to the voter the same way, so no contact!	stlnotarycoordination@gmail.com		https://www.signupgenius.com/go/10c0d4eafac28a7fbc43-notaries	
9/29/2020 15:24:07	The Pat Connolly Tavern	St. Louis Area	10/7/2020	6400 Oakland Ave	St. Louis	63139	5:00:00 PM	7:00:00 PM	Notary will setup in our outdoor patio space, spaced over 10 ft away from any customer's tables. Notary will sit opposite a large picnic table. Guests using the notary service will check in with our host, and will be sent over to the notary one at a time.	stlnotarycoordination@gmail.com		https://www.signupgenius.com/go/10c0d4eafac28a7fbc43-notaries	
9/29/2020 15:24:29	Union Loafers	St. Louis Area	10/8/2020	1629 Tower Grove Ave	St. Louis	63110	11:00:00 AM	2:00:00 PM	Notary will be set up on the patio under an umbrella	stlnotarycoordination@gmail.com		https://www.signupgenius.com/go/10c0d4eafac28a7fbc43-notaries	
9/29/2020 15:24:54	Apotheosis Comics	St. Louis Area	10/8/2020	3206 S Grand Ave	St. Louis	63118	1:00:00 PM	3:00:00 PM	We will provide a table, hand sanitizer and pens. All customers must wear a mask to enter, and apply hand sanitizer to ensure the safety of everyone.	stlnotarycoordination@gmail.com		https://www.signupgenius.com/go/10c0d4eafac28a7fbc43-notaries	
9/29/2020 15:25:16	Urban Eats Neighborhood Food Hall	St. Louis Area	10/8/2020	3301 Meramec Street	St. Louis	63118	1:00:00 PM	3:00:00 PM	Table and two chairs provided inside the space, and everyone inside is required to wear a mask and sanitize at the door. (All carryout or curbside pickup). Outside bistro tables are available if the notary prefers.	stlnotarycoordination@gmail.com		https://www.signupgenius.com/go/10c0d4eafac28a7fbc43-notaries	
9/29/2020 15:25:41	Urban Eats Neighborhood Food Hall	St. Louis Area	10/9/2020	3301 Meramec Street	St. Louis	63118	4:00:00 PM	6:00:00 PM	Table and two chairs provided inside the space, and everyone inside is required to wear a mask and sanitize at the door. (All carryout or curbside pickup). Outside bistro tables are available if the notary prefers.	stlnotarycoordination@gmail.com		https://www.signupgenius.com/go/10c0d4eafac28a7fbc43-notaries	
9/29/2020 15:34:18	Apotheosis Comics	St. Louis Area	10/9/2020	3206 S Grand Ave	St. Louis	63118	5:00:00 PM	7:00:00 PM	We will provide a table, hand sanitizer and pens. All customers must wear a mask to enter, and apply hand sanitizer to ensure the safety of everyone.	stlnotarycoordination@gmail.com		https://www.signupgenius.com/go/10c0d4eafac28a7fbc43-notaries	
9/29/2020 15:35:17	The Pat Connolly Tavern	St. Louis Area	10/9/2020	6400 Oakland Ave	St. Louis	63139	5:00:00 PM	7:00:00 PM	Notary will setup in our outdoor patio space, spaced over 10 ft away from any customer's tables. Notary will sit opposite a large picnic table. Guests using the notary service will check in with our host, and will be sent over to the notary one at a time.	stlnotarycoordination@gmail.com		https://www.signupgenius.com/go/10c0d4eafac28a7fbc43-notaries	
9/29/2020 15:36:00	Brick City Yoga	St. Louis Area	10/10/2020	2758 Wyoming Street	St Louis	63118	9:00:00 AM	1:00:00 PM	Masks required. Sanitizer at the door. Notary could choose indoor set up with table and chairs in separate room with one person entering at a time with masks and sanitizer. Or we could set up a table in our parking lot.	stlnotarycoordination@gmail.com		https://www.signupgenius.com/go/10c0d4eafac28a7fbc43-notaries	
9/29/2020 15:36:21	The Pat Connolly Tavern	St. Louis Area	10/10/2020	6400 Oakland Ave	St. Louis	63139	3:00:00 PM	5:00:00 PM	Notary will setup in our outdoor patio space, spaced over 10 ft away from any customer's tables. Notary will sit opposite a large picnic table. Guests using the notary service will check in with our host, and will be sent over to the notary one at a time.	stlnotarycoordination@gmail.com		https://www.signupgenius.com/go/10c0d4eafac28a7fbc43-notaries	
9/29/2020 15:36:48	Apotheosis Comics	St. Louis Area	10/10/2020	3206 S Grand Ave	St. Louis	63118	5:00:00 PM	7:00:00 PM	We will provide a table, hand sanitizer and pens. All customers must wear a mask to enter, and apply hand sanitizer to ensure the safety of everyone.	stlnotarycoordination@gmail.com		https://www.signupgenius.com/go/10c0d4eafac28a7fbc43-notaries	
9/29/2020 15:37:21	The Pat Connolly Tavern	St. Louis Area	10/11/2020	6400 Oakland Ave	St. Louis	63139	12:00:00 PM	2:00:00 PM	Notary will setup in our outdoor patio space, spaced over 10 ft away from any customer's tables. Notary will sit opposite a large picnic table. Guests using the notary service will check in with our host, and will be sent over to the notary one at a time.	stlnotarycoordination@gmail.com		https://www.signupgenius.com/go/10c0d4eafac28a7fbc43-notaries	
9/29/2020 15:37:56	Urban Eats Neighborhood Food Hall	St. Louis Area	10/11/2020	3301 Meramec Street	St. Louis	63118	4:00:00 PM	6:00:00 PM	Table and two chairs provided inside the space, and everyone inside is required to wear a mask and sanitize at the door. (All carryout or curbside pickup). Outside bistro tables are available if the notary prefers.	stlnotarycoordination@gmail.com		https://www.signupgenius.com/go/10c0d4eafac28a7fbc43-notaries	
9/29/2020 15:38:27	Bespoke	St. Louis Area	10/11/2020	3408 Ohio @ Cherokee	St. Louis	63118	5:00:00 PM	7:00:00 PM	The space has a glass door with a mail slot. The notary can sit inside and review ID and such through the glass without direct contact. The ballot/journal can be pushed through the slot and returned to the voter the same way, so no contact!	stlnotarycoordination@gmail.com		https://www.signupgenius.com/go/10c0d4eafac28a7fbc43-notaries	
9/29/2020 15:55:55	Bespoke	St. Louis Area	10/12/2020	3408 Ohio @ Cherokee	St. Louis	63118	5:00:00 PM	7:00:00 PM	The space has a glass door with a mail slot. The notary can sit inside and review ID and such through the glass without direct contact. The ballot/journal can be pushed through the slot and returned to the voter the same way, so no contact!	stlnotarycoordination@gmail.com		https://www.signupgenius.com/go/10c0d4eafac28a7fbc43-notaries	
9/29/2020 15:56:12	Union Loafers	St. Louis Area	10/13/2020	1629 Tower Grove Ave	St. Louis	63110	11:00:00 AM	2:00:00 PM	Notary will be set up on the patio under an umbrella	stlnotarycoordination@gmail.com		https://www.signupgenius.com/go/10c0d4eafac28a7fbc43-notaries	
9/29/2020 15:56:40	Apotheosis Comics	St. Louis Area	10/13/2020	3206 S Grand Ave	St. Louis	63118	1:00:00 PM	3:00:00 PM	We will provide a table, hand sanitizer and pens. All customers must wear a mask to enter, and apply hand sanitizer to ensure the safety of everyone.	stlnotarycoordination@gmail.com		https://www.signupgenius.com/go/10c0d4eafac28a7fbc43-notaries	
9/29/2020 15:57:01	Bespoke	St. Louis Area	10/13/2020	3408 Ohio @ Cherokee	St. Louis	63118	5:00:00 PM	7:00:00 PM	The space has a glass door with a mail slot. The notary can sit inside and review ID and such through the glass without direct contact. The ballot/journal can be pushed through the slot and returned to the voter the same way, so no contact!	stlnotarycoordination@gmail.com		https://www.signupgenius.com/go/10c0d4eafac28a7fbc43-notaries	
9/29/2020 15:57:27	Union Loafers	St. Louis Area	10/14/2020	1629 Tower Grove Ave	St. Louis	63110	11:00:00 AM	2:00:00 PM	Notary will be set up on the patio under an umbrella	stlnotarycoordination@gmail.com		https://www.signupgenius.com/go/10c0d4eafac28a7fbc43-notaries	
9/29/2020 15:57:54	Urban Eats Neighborhood Food Hall	St. Louis Area	10/14/2020	3301 Meramec Street	St. Louis	63118	1:00:00 PM	3:00:00 PM	Table and two chairs provided inside the space, and everyone inside is required to wear a mask and sanitize at the door. (All carryout or curbside pickup). Outside bistro tables are available if the notary prefers.	stlnotarycoordination@gmail.com		https://www.signupgenius.com/go/10c0d4eafac28a7fbc43-notaries	
9/29/2020 15:58:10	Bespoke	St. Louis Area	10/14/2020	3408 Ohio @ Cherokee	St. Louis	63118	5:00:00 PM	7:00:00 PM	The space has a glass door with a mail slot. The notary can sit inside and review ID and such through the glass without direct contact. The ballot/journal can be pushed through the slot and returned to the voter the same way, so no contact!	stlnotarycoordination@gmail.com		https://www.signupgenius.com/go/10c0d4eafac28a7fbc43-notaries	
9/29/2020 15:58:29	The Pat Connolly Tavern	St. Louis Area	10/14/2020	6400 Oakland Ave	St. Louis	63139	5:00:00 PM	7:00:00 PM	Notary will setup in our outdoor patio space, spaced over 10 ft away from any customer's tables. Notary will sit opposite a large picnic table. Guests using the notary service will check in with our host, and will be sent over to the notary one at a time.	stlnotarycoordination@gmail.com		https://www.signupgenius.com/go/10c0d4eafac28a7fbc43-notaries	
9/29/2020 15:59:26	Brick City Yoga	St. Louis Area	10/18/2020	2758 Wyoming Street	St Louis	63118	9:00:00 AM	2:00:00 PM	Masks required. Sanitizer at the door. Notary could choose indoor set up with table and chairs in separate room with one person entering at a time with masks and sanitizer. Or we could set up a table in our parking lot.	stlnotarycoordination@gmail.com		https://www.signupgenius.com/go/10c0d4eafac28a7fbc43-notaries	
9/29/2020 15:59:58	Union Loafers	St. Louis Area	10/15/2020	1629 Tower Grove Ave	St. Louis	63110	11:00:00 AM	2:00:00 PM	Notary will be set up on the patio under an umbrella	stlnotarycoordination@gmail.com		https://www.signupgenius.com/go/10c0d4eafac28a7fbc43-notaries	
9/29/2020 16:00:15	Apotheosis Comics	St. Louis Area	10/15/2020	3206 S Grand Ave	St. Louis	63118	1:00:00 PM	3:00:00 PM	We will provide a table, hand sanitizer and pens. All customers must wear a mask to enter, and apply hand sanitizer to ensure the safety of everyone.	stlnotarycoordination@gmail.com		https://www.signupgenius.com/go/10c0d4eafac28a7fbc43-notaries	
9/29/2020 16:00:29	Urban Eats Neighborhood Food Hall	St. Louis Area	10/15/2020	3301 Meramec Street	St. Louis	63118	1:00:00 PM	3:00:00 PM	Table and two chairs provided inside the space, and everyone inside is required to wear a mask and sanitize at the door. (All carryout or curbside pickup). Outside bistro tables are available if the notary prefers.	stlnotarycoordination@gmail.com		https://www.signupgenius.com/go/10c0d4eafac28a7fbc43-notaries	
9/29/2020 16:00:53	Urban Eats Neighborhood Food Hall	St. Louis Area	10/16/2020	3301 Meramec Street	St. Louis	63118	4:00:00 PM	6:00:00 PM	Table and two chairs provided inside the space, and everyone inside is required to wear a mask and sanitize at the door. (All carryout or curbside pickup). Outside bistro tables are available if the notary prefers.	stlnotarycoordination@gmail.com		https://www.signupgenius.com/go/10c0d4eafac28a7fbc43-notaries	
9/29/2020 16:01:12	Apotheosis Comics	St. Louis Area	10/16/2020	3206 S Grand Ave	St. Louis	63118	5:00:00 PM	7:00:00 PM	We will provide a table, hand sanitizer and pens. All customers must wear a mask to enter, and apply hand sanitizer to ensure the safety of everyone.	stlnotarycoordination@gmail.com		https://www.signupgenius.com/go/10c0d4eafac28a7fbc43-notaries	
9/29/2020 16:01:25	The Pat Connolly Tavern	St. Louis Area	10/16/2020	6400 Oakland Ave	St. Louis	63139	5:00:00 PM	7:00:00 PM	Notary will setup in our outdoor patio space, spaced over 10 ft away from any customer's tables. Notary will sit opposite a large picnic table. Guests using the notary service will check in with our host, and will be sent over to the notary one at a time.	stlnotarycoordination@gmail.com		https://www.signupgenius.com/go/10c0d4eafac28a7fbc43-notaries	
9/29/2020 16:01:39	The Pat Connolly Tavern	St. Louis Area	10/17/2020	6400 Oakland Ave	St. Louis	63139	3:00:00 PM	5:00:00 PM	Notary will setup in our outdoor patio space, spaced over 10 ft away from any customer's tables. Notary will sit opposite a large picnic table. Guests using the notary service will check in with our host, and will be sent over to the notary one at a time.	stlnotarycoordination@gmail.com		https://www.signupgenius.com/go/10c0d4eafac28a7fbc43-notaries	
9/29/2020 16:01:53	Apotheosis Comics	St. Louis Area	10/17/2020	3206 S Grand Ave	St. Louis	63118	5:00:00 PM	7:00:00 PM	We will provide a table, hand sanitizer and pens. All customers must wear a mask to enter, and apply hand sanitizer to ensure the safety of everyone.	stlnotarycoordination@gmail.com		https://www.signupgenius.com/go/10c0d4eafac28a7fbc43-notaries	
9/29/2020 16:05:09	The Pat Connolly Tavern	St. Louis Area	10/18/2020	6400 Oakland Ave	St. Louis	63139	12:00:00 PM	2:00:00 PM	Notary will setup in our outdoor patio space, spaced over 10 ft away from any customer's tables. Notary will sit opposite a large picnic table. Guests using the notary service will check in with our host, and will be sent over to the notary one at a time.	stlnotarycoordination@gmail.com		https://www.signupgenius.com/go/10c0d4eafac28a7fbc43-notaries	
9/29/2020 16:05:36	Urban Eats Neighborhood Food Hall	St. Louis Area	10/18/2020	3301 Meramec Street	St. Louis	63118	4:00:00 PM	6:00:00 PM	Table and two chairs provided inside the space, and everyone inside is required to wear a mask and sanitize at the door. (All carryout or curbside pickup). Outside bistro tables are available if the notary prefers.	stlnotarycoordination@gmail.com		https://www.signupgenius.com/go/10c0d4eafac28a7fbc43-notaries	
9/29/2020 16:05:46	Bespoke	St. Louis Area	10/18/2020	3408 Ohio @ Cherokee	St. Louis	63118	5:00:00 PM	7:00:00 PM	The space has a glass door with a mail slot. The notary can sit inside and review ID and such through the glass without direct contact. The ballot/journal can be pushed through the slot and returned to the voter the same way, so no contact!	stlnotarycoordination@gmail.com		https://www.signupgenius.com/go/10c0d4eafac28a7fbc43-notaries	
9/29/2020 16:05:58	Bespoke	St. Louis Area	10/19/2020	3408 Ohio @ Cherokee	St. Louis	63118	5:00:00 PM	7:00:00 PM	The space has a glass door with a mail slot. The notary can sit inside and review ID and such through the glass without direct contact. The ballot/journal can be pushed through the slot and returned to the voter the same way, so no contact!	stlnotarycoordination@gmail.com		https://www.signupgenius.com/go/10c0d4eafac28a7fbc43-notaries	
9/29/2020 16:06:33	Apotheosis Comics	St. Louis Area	10/20/2020	3206 S Grand Ave	St. Louis	63118	1:00:00 PM	3:00:00 PM	We will provide a table, hand sanitizer and pens. All customers must wear a mask to enter, and apply hand sanitizer to ensure the safety of everyone.	stlnotarycoordination@gmail.com		https://www.signupgenius.com/go/10c0d4eafac28a7fbc43-notaries	
9/29/2020 16:06:43	Bespoke	St. Louis Area	10/20/2020	3408 Ohio @ Cherokee	St. Louis	63118	5:00:00 PM	7:00:00 PM	The space has a glass door with a mail slot. The notary can sit inside and review ID and such through the glass without direct contact. The ballot/journal can be pushed through the slot and returned to the voter the same way, so no contact!	stlnotarycoordination@gmail.com		https://www.signupgenius.com/go/10c0d4eafac28a7fbc43-notaries	
9/29/2020 16:07:03	Union Loafers	St. Louis Area	10/20/2020	1629 Tower Grove Ave	St. Louis	63110	11:00:00 PM	2:00:00 PM	Notary will be set up on the patio under an umbrella	stlnotarycoordination@gmail.com		https://www.signupgenius.com/go/10c0d4eafac28a7fbc43-notaries	
9/29/2020 16:07:15	Union Loafers	St. Louis Area	10/21/2020	1629 Tower Grove Ave	St. Louis	63110	11:00:00 AM	2:00:00 PM	Notary will be set up on the patio under an umbrella	stlnotarycoordination@gmail.com		https://www.signupgenius.com/go/10c0d4eafac28a7fbc43-notaries	
9/29/2020 16:07:30	Urban Eats Neighborhood Food Hall	St. Louis Area	10/21/2020	3301 Meramec Street	St. Louis	63118	1:00:00 PM	3:00:00 PM	Table and two chairs provided inside the space, and everyone inside is required to wear a mask and sanitize at the door. (All carryout or curbside pickup). Outside bistro tables are available if the notary prefers.	stlnotarycoordination@gmail.com		https://www.signupgenius.com/go/10c0d4eafac28a7fbc43-notaries	
9/29/2020 16:07:58	Bespoke	St. Louis Area	10/21/2020	3408 Ohio @ Cherokee	St. Louis	63118	5:00:00 PM	7:00:00 PM	The space has a glass door with a mail slot. The notary can sit inside and review ID and such through the glass without direct contact. The ballot/journal can be pushed through the slot and returned to the voter the same way, so no contact!	stlnotarycoordination@gmail.com		https://www.signupgenius.com/go/10c0d4eafac28a7fbc43-notaries	
9/29/2020 16:08:12	The Pat Connolly Tavern	St. Louis Area	10/21/2020	6400 Oakland Ave	St. Louis	63139	5:00:00 PM	7:00:00 PM	Notary will setup in our outdoor patio space, spaced over 10 ft away from any customer's tables. Notary will sit opposite a large picnic table. Guests using the notary service will check in with our host, and will be sent over to the notary one at a time.	stlnotarycoordination@gmail.com		https://www.signupgenius.com/go/10c0d4eafac28a7fbc43-notaries	
9/29/2020 16:08:25	Union Loafers	St. Louis Area	10/22/2020	1629 Tower Grove Ave	St. Louis	63110	11:00:00 AM	2:00:00 PM	Notary will be set up on the patio under an umbrella	stlnotarycoordination@gmail.com		https://www.signupgenius.com/go/10c0d4eafac28a7fbc43-notaries	
9/29/2020 16:09:13	Apotheosis Comics	St. Louis Area	10/22/2020	3206 S Grand Ave	St. Louis	63118	1:00:00 PM	3:00:00 PM	We will provide a table, hand sanitizer and pens. All customers must wear a mask to enter, and apply hand sanitizer to ensure the safety of everyone.	stlnotarycoordination@gmail.com		https://www.signupgenius.com/go/10c0d4eafac28a7fbc43-notaries	
9/29/2020 16:09:27	Urban Eats Neighborhood Food Hall	St. Louis Area	10/22/2020	3301 Meramec Street	St. Louis	63118	1:00:00 PM	3:00:00 PM	Table and two chairs provided inside the space, and everyone inside is required to wear a mask and sanitize at the door. (All carryout or curbside pickup). Outside bistro tables are available if the notary prefers.	stlnotarycoordination@gmail.com		https://www.signupgenius.com/go/10c0d4eafac28a7fbc43-notaries	
9/29/2020 18:42:29	Urban Eats Neighborhood Food Hall	St. Louis Area	10/23/2020	3301 Meramec Street	St. Louis	63118	4:00:00 PM	6:00:00 PM	Table and two chairs provided inside the space, and everyone inside is required to wear a mask and sanitize at the door. (All carryout or curbside pickup). Outside bistro tables are available if the notary prefers.	stlnotarycoordination@gmail.com		https://www.signupgenius.com/go/10c0d4eafac28a7fbc43-notaries	
9/29/2020 18:42:57	Apotheosis Comics	St. Louis Area	10/23/2020	3206 S Grand Ave	St. Louis	63118	5:00:00 PM	7:00:00 PM	We will provide a table, hand sanitizer and pens. All customers must wear a mask to enter, and apply hand sanitizer to ensure the safety of everyone.	stlnotarycoordination@gmail.com		https://www.signupgenius.com/go/10c0d4eafac28a7fbc43-notaries	
9/29/2020 18:43:14	The Pat Connolly Tavern	St. Louis Area	10/23/2020	6400 Oakland Ave	St. Louis	63139	5:00:00 PM	7:00:00 PM	Notary will setup in our outdoor patio space, spaced over 10 ft away from any customer's tables. Notary will sit opposite a large picnic table. Guests using the notary service will check in with our host, and will be sent over to the notary one at a time.	stlnotarycoordination@gmail.com		https://www.signupgenius.com/go/10c0d4eafac28a7fbc43-notaries	
9/29/2020 18:43:35	Brick City Yoga	St. Louis Area	10/24/2020	2758 Wyoming Street	St Louis	63118	9:00:00 AM	2:00:00 PM	Masks required. Sanitizer at the door. Notary could choose indoor set up with table and chairs in separate room with one person entering at a time with masks and sanitizer. Or we could set up a table in our parking lot.	stlnotarycoordination@gmail.com		https://www.signupgenius.com/go/10c0d4eafac28a7fbc43-notaries	
9/29/2020 18:44:09	The Pat Connolly Tavern	St. Louis Area	10/24/2020	6400 Oakland Ave	St. Louis	63139	3:00:00 PM	5:00:00 PM	Notary will setup in our outdoor patio space, spaced over 10 ft away from any customer's tables. Notary will sit opposite a large picnic table. Guests using the notary service will check in with our host, and will be sent over to the notary one at a time.	stlnotarycoordination@gmail.com		https://www.signupgenius.com/go/10c0d4eafac28a7fbc43-notaries	
9/29/2020 18:44:21	Apotheosis Comics	St. Louis Area	10/24/2020	3206 S Grand Ave	St. Louis	63118	5:00:00 PM	7:00:00 PM	We will provide a table, hand sanitizer and pens. All customers must wear a mask to enter, and apply hand sanitizer to ensure the safety of everyone.	stlnotarycoordination@gmail.com		https://www.signupgenius.com/go/10c0d4eafac28a7fbc43-notaries	
9/29/2020 18:44:47	Brick City Yoga	St. Louis Area	10/25/2020	2758 Wyoming Street	St Louis	63118	9:00:00 AM	2:00:00 PM	Masks required. Sanitizer at the door. Notary could choose indoor set up with table and chairs in separate room with one person entering at a time with masks and sanitizer. Or we could set up a table in our parking lot.	stlnotarycoordination@gmail.com		https://www.signupgenius.com/go/10c0d4eafac28a7fbc43-notaries	
9/29/2020 18:45:16	The Pat Connolly Tavern	St. Louis Area	10/25/2020	6400 Oakland Ave	St. Louis	63139	12:00:00 PM	2:00:00 PM	Notary will setup in our outdoor patio space, spaced over 10 ft away from any customer's tables. Notary will sit opposite a large picnic table. Guests using the notary service will check in with our host, and will be sent over to the notary one at a time.	stlnotarycoordination@gmail.com		https://www.signupgenius.com/go/10c0d4eafac28a7fbc43-notaries	
9/29/2020 18:59:33	Planned Parenthood of St. Louis Region and Southwest Missouri	Southwest	10/17/2020	710 Illinois Ave	Joplin	64801	10:00:00 AM	1:00:00 PM	in parking lot 	Christen.Moore@ppslr.org	4177635836	christen.moore@ppslr.org	4177635836
9/29/2020 19:41:19	The Gathering	St. Louis Area	10/3/2020	2360 McCausland Ave.	Saint Louis	63143	10:00:00 AM	2:00:00 PM		beth.mcclure@gatheringnow.org	5732258956	beth.mcclure@gatheringnow.org	5732258956
10/5/2020 10:01:05	Carolyn McMahon - 24th Ward Committeewoman	St. Louis Area	10/11/2020	Franz Park (Dogtown)	Saint Louis city, Ward 24	63139	1:00:00 PM	3:00:00 PM	Runs Sunday 10/18 & 10/25 also same time. same place.	cmc24w@gmail.com	614-395-7008	cmc24w@gmail.com	614-395-7008
10/5/2020 10:01:05	Carolyn McMahon - 24th Ward Committeewoman	St. Louis Area	10/18/2020	Franz Park (Dogtown)	Saint Louis city, Ward 24	63139	1:00:00 PM	3:00:00 PM		cmc24w@gmail.com	614-395-7008	cmc24w@gmail.com	614-395-7008
10/5/2020 10:01:05	Carolyn McMahon - 24th Ward Committeewoman	St. Louis Area	10/25/2020	Franz Park (Dogtown)	Saint Louis city, Ward 24	63139	1:00:00 PM	3:00:00 PM		cmc24w@gmail.com	614-395-7008	cmc24w@gmail.com	614-395-7008
10/5/2020 10:56:03	St. Alphonsus "Rock" Church and St. Francis Xavier (College) Church	St. Louis Area	10/10/2020	1118 North Grand Blvd.	SAINT LOUIS	63106	10:00:00 AM	1:00:00 PM		lmburks60@gmail.com	3146055671	legettsm@yahoo.com	15124061456
10/5/2020 12:54:45	Webster Hills United Methodist Church	St. Louis Area	10/12/2020	698 W. Lockwood	Webster Groves	63119	10:00:00 AM	2:00:00 PM	Located in church office. Entrance is on Lockwood COURT, double glass doors. Masks required.	lgastreich@websterhillsumc.org	314-229-8486	Amanda Hancock	ahancock@websterhillsumc.org
10/5/2020 12:57:32	Webster Hills United Methodist Church	St. Louis Area	10/13/2020	698 W. Lockwood	Webster Groves	63119	10:00:00 AM	2:00:00 PM	Church office entrance is from Lockwood Court, double glass doors	lgastreich@websterhillsumc.org	314-229-8486	ahancock@websterhillsumc.org	314-961-3164
10/5/2020 16:46:31	Emmanuel Episcopal Church	St. Louis Area	10/10/2020	9 S Bompart Ave	Webster Groves	63119	9:00:00 AM	12:00:00 PM	Mask required; please bring ID and your own pen	carolinem4@gmail.com	3144351495	carolinem4@gmail.com	314-435-1495
10/5/2020 17:02:32	Planned Parenthood of the St. Louis Region and Southwest Missouri	St. Louis Area	10/10/2020	4251 Forest Park Ave	St. Louis	63108	10:00:00 AM	1:00:00 PM		Brenda Cross 	262-442-7399	brenda.cross@ppslr.org	262-442-7399
10/5/2020 17:04:26	Planned Parenthood of the St. Louis Region and Southwest Missouri	St. Louis Area	10/17/2020	3401 S. Grand Blvd	St. Louis	63118	10:00:00 AM	1:00:00 PM		brenda.cross@ppslr.org	2624427399	brenda.cross@ppslr.org	2624427399
10/5/2020 18:50:12	Central Reform Congregation	St. Louis Area	10/18/2020	5020 Waterman Ave	St..Louis	63108	10:00:00 AM	12:00:00 PM	Additional times, dates: October 18, 2020 4 PM to 6 PM; October 25, 2020, 10 AM to noon and 4 PM to 6 PM. Drive-through in our parking lot, masks and social distancing required. Free.Have enough already. 	Wofseystl@gmail.com 	3145177073	Wofseystl@gmail.com	3145177073
10/5/2020 18:50:12	Central Reform Congregation	St. Louis Area	10/18/2020	5020 Waterman Ave	St..Louis	63108	4:00:00 PM	6:00:00 PM		Wofseystl@gmail.com 	3145177073	Wofseystl@gmail.com	3145177073
10/5/2020 18:50:12	Central Reform Congregation	St. Louis Area	10/25/2020	5020 Waterman Ave	St..Louis	63108	10:00:00 AM	12:00:00 PM	Additional times, dates: October 18, 2020 4 PM to 6 PM; October 25, 2020, 10 AM to noon and 4 PM to 6 PM. Drive-through in our parking lot, masks and social distancing required. Free.Have enough already. 	Wofseystl@gmail.com 	3145177073	Wofseystl@gmail.com	3145177073
10/5/2020 18:50:12	Central Reform Congregation	St. Louis Area	10/25/2020	5020 Waterman Ave	St..Louis	63108	4:00:00 PM	6:00:00 PM		Wofseystl@gmail.com 	3145177073	Wofseystl@gmail.com	3145177073
10/6/2020 10:59:34	Emmanuel Episcopal Church	St. Louis Area	10/10/2020	9 S. Bompart Ave.	Webster Groves	63119	9:00:00 AM	12:00:00 PM		jessica.schunke@gmail.com		jessica.schunke@gmail.com	
10/6/2020 11:02:30	Blueprint Coffee	St. Louis Area	10/17/2020	4206 Watson Rd.	St. Louis	63109	10:00:00 AM	2:00:00 PM		jessica.schunke@gmail.com		jessica.schunke@gmail.com	
10/7/2020 20:43:10	Botanical Heights Neighborhood Association	St. Louis Area	10/11/2020	4200 Blaine Ave.	SAINT LOUIS	63110	10:00:00 AM	4:00:00 PM	Notarizing Ballots	BotanicalHeightsNeighborhood@gmail.com	314-276-7060	BotanicalHeightsNeighborhood@gmail.com	314-276-7060
10/8/2020 11:24:35	Grand Center, Inc.	St. Louis Area	10/9/2020	3526 Washington Ave.	St. Louis	63103	11:00:00 AM	2:00:00 PM	Notary will be in our conference room with voter on opposite side of the conference table for social distance.  Room is accessed from outside so voters will only see the notary.  Masks required and sanitizer available. 	stlnotarycoordination@gmail.com		https://www.signupgenius.com/go/10c0d4eafac28a7fbc43-notaries	
10/8/2020 11:24:53	Maypop Coffee 	St. Louis Area	10/10/2020	803 Marshall Ave.	St Louis	63119	9:00:00 AM	11:00:00 AM	This is outdoors in front of our garden center/green house. We will provide sanitizer, wipes, and pens as well. There is enough space for visitors to form a socially distanced line.	stlnotarycoordination@gmail.com		https://www.signupgenius.com/go/10c0d4eafac28a7fbc43-notaries	
10/8/2020 11:25:08	Subterranean Books	St. Louis Area	10/10/2020	6275 Delmar Blvd.	St. Louis	63130	12:00:00 PM	2:00:00 PM	This is at a table on the Delmar Loop sidewalk outside our entry.  Sanitizer provided, masks required.	stlnotarycoordination@gmail.com		https://www.signupgenius.com/go/10c0d4eafac28a7fbc43-notaries	
10/8/2020 11:25:22	Maypop Coffee 	St. Louis Area	10/10/2020	803 Marshall Ave.	St Louis	63119	1:00:00 PM	3:00:00 PM	This is outdoors in front of our garden center/green house. We will provide sanitizer, wipes, and pens as well. There is enough space for visitors to form a socially distanced line.	stlnotarycoordination@gmail.com		https://www.signupgenius.com/go/10c0d4eafac28a7fbc43-notaries	
10/8/2020 11:25:32	Subterranean Books	St. Louis Area	10/10/2020	6275 Delmar Blvd.	St. Louis	63130	2:00:00 PM	4:00:00 PM	This is at a table on the Delmar Loop sidewalk outside our entry.  Sanitizer provided, masks required.	stlnotarycoordination@gmail.com		https://www.signupgenius.com/go/10c0d4eafac28a7fbc43-notaries	
10/8/2020 11:25:45	Grand Center, Inc.	St. Louis Area	10/12/2020	3526 Washington Ave.	St. Louis	63103	11:00:00 AM	2:00:00 PM	Notary will be in our conference room with voter on opposite side of the conference table for social distance.  Room is accessed from outside so voters will only see the notary.  Masks required and sanitizer available. 	stlnotarycoordination@gmail.com		https://www.signupgenius.com/go/10c0d4eafac28a7fbc43-notaries	
10/8/2020 11:25:55	Grand Center, Inc.	St. Louis Area	10/14/2020	3526 Washington Ave.	St. Louis	63103	11:00:00 AM	2:00:00 PM	Notary will be in our conference room with voter on opposite side of the conference table for social distance.  Room is accessed from outside so voters will only see the notary.  Masks required and sanitizer available. 	stlnotarycoordination@gmail.com		https://www.signupgenius.com/go/10c0d4eafac28a7fbc43-notaries	
10/8/2020 11:26:26	Subterranean Books	St. Louis Area	10/14/2020	6275 Delmar Blvd.	St. Louis	63130	12:00:00 PM	4:00:00 PM	This is at a table on the Delmar Loop sidewalk outside our entry.  Sanitizer provided, masks required.	stlnotarycoordination@gmail.com		https://www.signupgenius.com/go/10c0d4eafac28a7fbc43-notaries	
10/8/2020 11:26:37	Grand Center, Inc.	St. Louis Area	10/16/2020	3526 Washington Ave.	St. Louis	63103	11:00:00 AM	2:00:00 PM	Notary will be in our conference room with voter on opposite side of the conference table for social distance.  Room is accessed from outside so voters will only see the notary.  Masks required and sanitizer available. 	stlnotarycoordination@gmail.com		https://www.signupgenius.com/go/10c0d4eafac28a7fbc43-notaries	
10/8/2020 11:26:49	Maypop Coffee 	St. Louis Area	10/17/2020	803 Marshall Ave.	St Louis	63119	9:00:00 AM	11:00:00 AM	This is outdoors in front of our garden center/green house. We will provide sanitizer, wipes, and pens as well. There is enough space for visitors to form a socially distanced line.	stlnotarycoordination@gmail.com		https://www.signupgenius.com/go/10c0d4eafac28a7fbc43-notaries	
10/8/2020 11:26:58	Subterranean Books	St. Louis Area	10/17/2020	6275 Delmar Blvd.	St. Louis	63130	12:00:00 PM	2:00:00 PM	This is at a table on the Delmar Loop sidewalk outside our entry.  Sanitizer provided, masks required.	stlnotarycoordination@gmail.com		https://www.signupgenius.com/go/10c0d4eafac28a7fbc43-notaries	
10/8/2020 11:27:09	Maypop Coffee 	St. Louis Area	10/17/2020	803 Marshall Ave.	St Louis	63119	1:00:00 PM	3:00:00 PM	This is outdoors in front of our garden center/green house. We will provide sanitizer, wipes, and pens as well. There is enough space for visitors to form a socially distanced line.	stlnotarycoordination@gmail.com		https://www.signupgenius.com/go/10c0d4eafac28a7fbc43-notaries	
10/8/2020 11:27:21	Subterranean Books	St. Louis Area	10/17/2020	6275 Delmar Blvd.	St. Louis	63130	2:00:00 PM	4:00:00 PM	This is at a table on the Delmar Loop sidewalk outside our entry.  Sanitizer provided, masks required.	stlnotarycoordination@gmail.com		https://www.signupgenius.com/go/10c0d4eafac28a7fbc43-notaries	
10/8/2020 11:27:31	Grand Center, Inc.	St. Louis Area	10/19/2020	3526 Washington Ave.	St. Louis	63103	11:00:00 AM	2:00:00 PM	Notary will be in our conference room with voter on opposite side of the conference table for social distance.  Room is accessed from outside so voters will only see the notary.  Masks required and sanitizer available. 	stlnotarycoordination@gmail.com		https://www.signupgenius.com/go/10c0d4eafac28a7fbc43-notaries	
10/8/2020 11:27:40	Grand Center, Inc.	St. Louis Area	10/21/2020	3526 Washington Ave.	St. Louis	63103	11:00:00 AM	2:00:00 PM	Notary will be in our conference room with voter on opposite side of the conference table for social distance.  Room is accessed from outside so voters will only see the notary.  Masks required and sanitizer available. 	stlnotarycoordination@gmail.com		https://www.signupgenius.com/go/10c0d4eafac28a7fbc43-notaries	
10/8/2020 11:27:57	Subterranean Books	St. Louis Area	10/21/2020	6275 Delmar Blvd.	St. Louis	63130	12:00:00 PM	4:00:00 PM	This is at a table on the Delmar Loop sidewalk outside our entry.  Sanitizer provided, masks required.	stlnotarycoordination@gmail.com		https://www.signupgenius.com/go/10c0d4eafac28a7fbc43-notaries	
10/8/2020 11:28:20	Grand Center, Inc.	St. Louis Area	10/23/2020	3526 Washington Ave.	St. Louis	63103	11:00:00 AM	2:00:00 PM	Notary will be in our conference room with voter on opposite side of the conference table for social distance.  Room is accessed from outside so voters will only see the notary.  Masks required and sanitizer available. 	stlnotarycoordination@gmail.com		https://www.signupgenius.com/go/10c0d4eafac28a7fbc43-notaries	
10/8/2020 11:28:32	Maypop Coffee 	St. Louis Area	10/24/2020	803 Marshall Ave.	St Louis	63119	9:00:00 AM	11:00:00 AM	This is outdoors in front of our garden center/green house. We will provide sanitizer, wipes, and pens as well. There is enough space for visitors to form a socially distanced line.	stlnotarycoordination@gmail.com		https://www.signupgenius.com/go/10c0d4eafac28a7fbc43-notaries	
10/8/2020 11:28:41	Subterranean Books	St. Louis Area	10/24/2020	6275 Delmar Blvd.	St. Louis	63130	12:00:00 PM	2:00:00 PM	This is at a table on the Delmar Loop sidewalk outside our entry.  Sanitizer provided, masks required.	stlnotarycoordination@gmail.com		https://www.signupgenius.com/go/10c0d4eafac28a7fbc43-notaries	
10/8/2020 11:28:54	Maypop Coffee 	St. Louis Area	10/24/2020	803 Marshall Ave.	St Louis	63119	1:00:00 PM	3:00:00 PM	This is outdoors in front of our garden center/green house. We will provide sanitizer, wipes, and pens as well. There is enough space for visitors to form a socially distanced line.	stlnotarycoordination@gmail.com		https://www.signupgenius.com/go/10c0d4eafac28a7fbc43-notaries	
10/8/2020 11:29:02	Subterranean Books	St. Louis Area	10/24/2020	6275 Delmar Blvd.	St. Louis	63130	2:00:00 PM	4:00:00 PM	This is at a table on the Delmar Loop sidewalk outside our entry.  Sanitizer provided, masks required.	stlnotarycoordination@gmail.com		https://www.signupgenius.com/go/10c0d4eafac28a7fbc43-notaries	
10/8/2020 11:29:12	Grand Center, Inc.	St. Louis Area	10/26/2020	3526 Washington Ave.	St. Louis	63103	11:00:00 AM	2:00:00 PM	Notary will be in our conference room with voter on opposite side of the conference table for social distance.  Room is accessed from outside so voters will only see the notary.  Masks required and sanitizer available. 	stlnotarycoordination@gmail.com		https://www.signupgenius.com/go/10c0d4eafac28a7fbc43-notaries	
10/8/2020 11:29:22	Grand Center, Inc.	St. Louis Area	10/28/2020	3526 Washington Ave.	St. Louis	63103	11:00:00 AM	2:00:00 PM	Notary will be in our conference room with voter on opposite side of the conference table for social distance.  Room is accessed from outside so voters will only see the notary.  Masks required and sanitizer available. 	stlnotarycoordination@gmail.com		https://www.signupgenius.com/go/10c0d4eafac28a7fbc43-notaries	
10/8/2020 11:29:32	Grand Center, Inc.	St. Louis Area	10/30/2020	3526 Washington Ave.	St. Louis	63103	11:00:00 AM	2:00:00 PM	Notary will be in our conference room with voter on opposite side of the conference table for social distance.  Room is accessed from outside so voters will only see the notary.  Masks required and sanitizer available. 	stlnotarycoordination@gmail.com		https://www.signupgenius.com/go/10c0d4eafac28a7fbc43-notaries	
10/8/2020 15:18:19	Planned Parenthood of the St. Louis Region and Southwest Missouri	St. Louis Area	10/12/2020	Fox Lake Park off Del Lago Drive	Florissant	63034	3:30:00 PM	4:30:00 PM	Notary available at the pavilion in Fox Lake Park off Del Lago Drive	brenda.cross@ppslr.org	2624427399	brenda.cross@ppslr.org	2624427399
10/8/2020 15:19:57	Planned Parenthood of the St. Louis Region and Southwest Missouri	St. Louis Area	10/14/2020	Fox Lake Park off Del Lago Drive	Florissant	63034	4:00:00 PM	5:00:00 PM	Notary available at the pavilion in Fox Lake Park off Del Lago Drive	brenda.cross@ppslr.org	2624427399	brenda.cross@ppslr.org	2624427399
10/8/2020 15:21:22	Planned Parenthood of the St. Louis Region and Southwest Missouri	St. Louis Area	10/16/2020	Fox Lake Park off Del Lago Drive	Florissant	63034	12:00:00 PM	1:00:00 PM	Notary available at the pavilion in Fox Lake Park off Del Lago Drive	brenda.cross@ppslr.org	2624427399	brenda.cross@ppslr.org	2624427399
10/8/2020 15:22:45	Planned Parenthood of the St. Louis Region and Southwest Missouri	St. Louis Area	10/20/2020	Fox Lake Park off Del Lago Drive	Florissant	63034	9:00:00 AM	10:00:00 AM	Notary available at the pavilion in Fox Lake Park off Del Lago Drive	brenda.cross@ppslr.org	2624427399	brenda.cross@ppslr.org	2624427399
10/8/2020 16:00:15	St. Peters UCC	St. Louis Area	10/17/2020	20 W. Fifth Street	Washington	63090	9:00:00 AM	11:00:00 AM	Drive thru event in the church parking lot 	annabethmeyer@gmail.com	5738236533	abmq39@umsl.edu	
10/8/2020 16:01:14	St. Peters UCC	St. Louis Area	10/21/2020	20 W. Fifth Street	Washington	63090	3:00:00 PM	5:00:00 PM	Drive thru notary event in the church parking lot	annabethmeyer@gmail.com	5738236533	abmq39@umsl.edu	
10/8/2020 19:04:44	The Luminary	St. Louis Area	10/10/2020	2701 Cherokee Street	St. Louis	63118	12:00:00 PM	5:00:00 PM	Outdoor notary table for a popup art opening with voters from all over the city. Masks required for all visitors, and hand sanitizer provided.	stlnotarycoordination@gmail.com		https://www.signupgenius.com/go/10c0d4eafac28a7fbc43-notaries	
10/8/2020 21:30:12	Ethical Society of Mid-Rivers	St. Louis Area	10/17/2020	4161 State Highway K	O'fallon	63368	12:00:00 PM	4:00:00 PM	West Community Credit Union	doncrozier@gmail.com	6362936864	doncrozier@gmail.com	6362936864
10/8/2020 21:33:03	Ethical Society of Mid-Rivers	St. Louis Area	10/18/2020	1050 S Riverside Dr	St Charles	63301	12:00:00 PM	4:00:00 PM	Lewis & Clark Boathouse and Museum	doncrozier@gmail.com	6362936864	doncrozier@gmail.com	6362936864
10/8/2020 21:41:39	League of Women Voters St Charles Unit	St. Louis Area	10/12/2020	427 Spencer Road 	St. Peters	63376	5:00:00 PM	6:45:00 PM	Spencer Library	doncrozier@gmail.com	6362936864	doncrozier@gmail.com	6362936864
10/8/2020 21:44:05	League of Women Voters St Charles Unit	St. Louis Area	10/19/2020	427 Spencer Road 	St. Peters	63376	5:00:00 PM	6:45:00 PM	Spencer library	doncrozier@gmail.com	6362936864	doncrozier@gmail.com	6362936864
10/8/2020 21:46:17	League of Women Voters St Charles Unit	St. Louis Area	10/26/2020	427 Spencer Road 	St. Peters 	63376	5:00:00 PM	6:45:00 PM		doncrozier@gmail.com	6362936864	doncrozier@gmail.com	6362936864
10/9/2020 18:22:16	Yaquis	St. Louis Area	10/23/2020	2728 Cherokee	St. Louis city	63118	5:00:00 PM	8:00:00 PM	Yaquis is at Cherokee and Iowa and intend on Hosting notary events Every Friday & Saturday leading up to the election. Becky Lewis is the Co-owner & Iâ€™m the volunteer. 	djjohnson257@hotmail.com	314-494-3971	djjohnson257@hotmail.com	314-494-3971
10/10/2020 16:03:42	Planet Score Records	St. Louis Area	10/17/2020	7421 Manchester Rd.	St. Louis	63143	12:00:00 PM	4:00:00 PM	We have a table and two chairs with hand sanitizer bottles that will be set up outside in front of the shop entrance.	stlnotarycoordination@gmail.com		https://www.signupgenius.com/go/10c0d4eafac28a7fbc43-notaries	
10/9/2020 18:22:16	Yaquis	St. Louis Area	10/24/2020	2728 Cherokee	St. Louis city	63118	5:00:00 PM	8:00:00 PM	Yaquis is at Cherokee and Iowa and intend on Hosting notary events Every Friday & Saturday leading up to the election. Becky Lewis is the Co-owner & Iâ€™m the volunteer. 	djjohnson257@hotmail.com	314-494-3971	djjohnson257@hotmail.com	314-494-3971
10/9/2020 18:22:16	Yaquis	St. Louis Area	10/30/2020	2728 Cherokee	St. Louis city	63118	5:00:00 PM	8:00:00 PM	Yaquis is at Cherokee and Iowa and intend on Hosting notary events Every Friday & Saturday leading up to the election. Becky Lewis is the Co-owner & Iâ€™m the volunteer. 	djjohnson257@hotmail.com	314-494-3971	djjohnson257@hotmail.com	314-494-3971
10/9/2020 18:22:16	Yaquis	St. Louis Area	10/31/2020	2728 Cherokee	St. Louis city	63118	5:00:00 PM	8:00:00 PM	Yaquis is at Cherokee and Iowa and intend on Hosting notary events Every Friday & Saturday leading up to the election. Becky Lewis is the Co-owner & Iâ€™m the volunteer. 	djjohnson257@hotmail.com	314-494-3971	djjohnson257@hotmail.com	314-494-3971
10/12/2020 10:26:26	The Sheldon	St. Louis Area	10/15/2020	3648 Washington Blvd.	Saint Louis	63108	2:00:00 PM	6:00:00 PM	We are working with notary Nancy Debettencourt to organize this event , and she would like to work the 4- 6 p.m. shift, so we only need a notary from 2-4 that day. The event will be outdoors on The Sheldon's Steward Family Plaza, and masks are required. Rain location will be just outside The Sheldon's street level entrance doors, or just inside the lobby in case of more inclement weather. Free parking is available in The Sheldon's west parking lot. 	cpeimann@thesheldon.org	13145339900 ext 19	Chris Peimann	3142398763
10/12/2020 10:57:19	The Sheldon	St. Louis Area	10/20/2020	3648 Washington Blvd.	Saint Louis	63108	2:00:00 PM	6:00:00 PM	We are organizing this event with notary Nancy DeBettencourt, who will volunteer for the 2-4 p.m. shift. So we only need a notary from 4-6 p.m. The event will take place outdoors on The Sheldon's Steward Family Plaza and masks are required. Rain location will be just outside of The Sheldon's street level entrance. The event will move just inside the lobby in case of more inclement weather. Free parking is available in The Sheldon's West lot. 	cpeimann@thesheldon.org	13145339900	cpeimann@thesheldon.org	3142398763
10/12/2020 14:07:48	Motherâ€™s Brewery	Southwest	10/12/2020	215 S Grant Ave	Springfield	65804	5:00:00 PM	7:00:00 PM	Free pint for every ballot envelope notarized. 	info@mothersbrewing.com	417-862-0432	benz.zen@ gmail.com	(919) 414-1341
10/12/2020 15:52:26	St Charles Democrats	St. Louis Area	10/17/2020	2633 W Clay St	St Charles	63301	10:00:00 AM	4:00:00 PM		doncrozier@gmail.com	6362936864	doncrozier@gmail.com	6362936864
10/9/2020 18:22:16	Yaquis	St. Louis Area	10/16/2020	2728 Cherokee	St. Louis city	63118	5:00:00 PM	8:00:00 PM	Yaquis is at Cherokee and Iowa and intend on Hosting notary events Every Friday & Saturday leading up to the election. Becky Lewis is the Co-owner & Iâ€™m the volunteer. 	djjohnson257@hotmail.com	314-494-3971	djjohnson257@hotmail.com	314-494-3971
10/9/2020 18:22:16	Yaquis	St. Louis Area	10/17/2020	2728 Cherokee	St. Louis city	63118	5:00:00 PM	8:00:00 PM	Yaquis is at Cherokee and Iowa and intend on Hosting notary events Every Friday & Saturday leading up to the election. Becky Lewis is the Co-owner & Iâ€™m the volunteer. 	djjohnson257@hotmail.com	314-494-3971	djjohnson257@hotmail.com	314-494-3971
10/12/2020 14:07:48	Motherâ€™s Brewery	Southwest	10/21/2020	215 S Grant Ave	Springfield	65804	5:00:00 PM	7:00:00 PM	Free pint for every ballot envelope notarized. 	info@mothersbrewing.com	417-862-0432	benz.zen@ gmail.com	(919) 414-1341
10/14/2020 8:42:53	LouHealth	St. Louis Area	10/15/2020	1465 S Grand Blvd, St. Louis, MO 63104	St. Louis	63104	7:00:00 AM	5:00:00 PM	Hi all! The student organization, LouHealth, is partnering with Cardinal Glennon Hospital to hold a notary drive. Please use the following link to sign up for shifts: https://www.signupgenius.com/go/10c0d48a8aa2ba6f5c43-cardinal. After signing up, we will follow-up with an email detailing logistics.	pranav.nandan@health.slu.edu		pranav.nandan@health.slu.edu	
10/14/2020 17:49:23	La Mancha Coffeehouse	St. Louis Area	10/20/2020	2800 N 14th St	St. Louis	63107	4:00:00 PM	6:00:00 PM	The notary will be posted up just outside the coffeehouse.  Wear a mask!	stlnotarycoordination@gmail.com		https://www.signupgenius.com/go/10c0d4eafac28a7fbc43-notaries	
10/14/2020 17:49:38	The Sheldon 	St. Louis Area	10/20/2020	3648 Washington Blvd.	St. Louis	63108	2:00:00 PM	6:00:00 PM	This event will be held outside on The Sheldon's Steward Family Plaza and masks will be required. Hand sanitizer, pens and wipes will be provided, and ground markings will indicate social distance. Rain location will be outside, under a covered entrance. In case of more extreme inclement weather, the event will move just inside The Sheldon's lobby. 	stlnotarycoordination@gmail.com		https://www.signupgenius.com/go/10c0d4eafac28a7fbc43-notaries	
9/28/2020 9:39:11	Contemporary Art Museum St. Louis	St. Louis Area	10/22/2020	3750 Washington Boulevard	St. Louis	63108	10:00:00 AM	12:30:00 PM		mdezember@camstl.org		mdezember@camstl.org	
9/28/2020 9:39:11	Contemporary Art Museum St. Louis	St. Louis Area	10/23/2020	3750 Washington Boulevard	St. Louis	63108	10:00:00 AM	12:30:00 PM		mdezember@camstl.org		mdezember@camstl.org	
9/28/2020 9:39:11	Contemporary Art Museum St. Louis	St. Louis Area	10/24/2020	3750 Washington Boulevard	St. Louis	63108	2:00:00 PM	4:00:00 PM		mdezember@camstl.org		mdezember@camstl.org	
10/20/2020 13:23:02	LouHealth/Cardinal Glennon	St. Louis Area	10/26/2020	1465 S Grand Blvd	St. Louis	63104	7:00:00 AM	5:00:00 PM	We decided to extend our notary drive for another week! We are now looking for notaries to volunteer from 10/22 - 10/30.	Pranav.nandan@health.slu.edu		Pranav.nandan@health.slu.edu	
10/20/2020 15:46:48	Kirkwood Public Library	St. Louis Area	10/21/2020	140 E. Jefferson	Kirkwood	63122	5:00:00 PM	8:30:00 PM	Masks required.	mel@kirkwoodpubliclibrary.org	3148215770	mel@kirkwoodpubliclibrary.org	
10/20/2020 15:48:13	Kirkwood Public Library	St. Louis Area	10/24/2020	140 E. Jefferson	Kirkwood	63122	9:00:00 AM	12:00:00 PM	Masks required	mel@kirkwoodpubliclibrary.org	3148215770	mel@kirkwoodpubliclibrary.org	
10/20/2020 15:49:05	Kirkwood Public Library	St. Louis Area	10/28/2020	140 E. Jefferson	Kirkwood	63122	5:00:00 PM	8:30:00 PM	Masks required.	mel@kirkwoodpubliclibrary.org	3148215770	mel@kirkwoodpubliclibrary.org	
10/21/2020 10:17:38	Planned Parenthood of the St. Louis Region and Southwest Missouri	St. Louis Area	10/23/2020	Fox Lake Park off Del Lago Drive	Florissant	63034	3:30:00 PM	4:30:00 PM	Notary will be available under the pavilion at Fox Lake Park. Please bring your unsigned ballot envelope, your ID, and a pen. Please wear a mask.	brenda.cross@ppslr.org	2624427399	brenda.cross@ppslr.org	2624427399
10/21/2020 10:23:43	Planned Parenthood of the St. Louis Region and Southwest Missouri	St. Louis Area	10/27/2020	Fox Lake Park off Del Lago Drive 	Florissant	63034	4:00:00 PM	5:00:00 PM	Notary will be available under the pavilion at Fox Lake Park. Please bring your unsigned ballot envelope, your ID, and a pen. Please wear a mask.	brenda.cross@ppslr.org	2624427399	brenda.cross@ppslr.org	2624427399
10/21/2020 11:44:44	Thurmann's 	St. Louis Area	10/23/2020	4069 Shenandoah	Saint Louis	63110	3:00:00 PM	6:00:00 PM	I will set up outside on the patio weather permitting.  Pens and hand sanitizer provided.	localsec6@gmail.com	3144433342	localsec6@gmail.com	3144433342